{"slug":"sort","title":"Sort a structure","sizeInterpretation":"Number of elements in the structure","series":[{"name":"Array","results":[{"size":1500,"stats":{"rme":0.27285918201131404,"moe":0.00000840617018381086,"sem":0.00000428886233867901,"variance":1.7290679750530832e-9,"deviation":0.00004158206314089145,"mean":0.0030807723316645798,"sample":[0.0030284021176470587,0.003033475588235294,0.003060940823529412,0.0030169954705882352,0.003020763764705882,0.003076377941176471,0.0030300569411764702,0.0030235772352941175,0.0030351999411764707,0.0030559705294117647,0.003037234588235294,0.0030325879411764703,0.0030332336470588234,0.003014123,0.003040272294117647,0.003109952176470588,0.0031125194705882353,0.0031158290588235295,0.003110705705882353,0.003114524470588235,0.0031124292941176472,0.0031078074705882357,0.0031072427058823526,0.003122747882352941,0.003127297588235294,0.0030501021764705884,0.003053022,0.0030615979411764706,0.0031097167647058826,0.0030724787058823526,0.0031217739411764705,0.003069589647058824,0.003113079411764706,0.003117865176470588,0.0031282743529411766,0.0031326776470588236,0.003122245882352941,0.003120839117647059,0.0031227233529411763,0.003109043117647059,0.003133386058823529,0.0031233278235294117,0.003121656882352941,0.003117830058823529,0.0031215286470588238,0.003137650823529412,0.0030901875294117647,0.003059096941176471,0.003052679705882353,0.0031177980588235296,0.0031128135294117647,0.003122479176470588,0.003144391588235294,0.003110365117647059,0.003118801411764706,0.003124177294117647,0.003120182529411765,0.0031125595882352942,0.003122477411764706,0.0031199687647058823,0.0031114217058823526,0.003118050294117647,0.0031265657647058824,0.0031219514705882355,0.003114142,0.003126594588235294,0.0031404896470588234,0.003122824058823529,0.0031157182352941175,0.0030439355882352945,0.0030341930588235295,0.003021295764705882,0.0030281257647058824,0.003070900294117647,0.0030374408235294115,0.003024600294117647,0.0030346426470588238,0.003027762058823529,0.003027839411764706,0.003030918,0.0030357922941176467,0.0030411013529411768,0.003029692176470588,0.003044565,0.003029882823529412,0.0030323617058823533,0.0030331363529411764,0.003048873,0.0030767801176470586,0.0031154415294117645,0.0030464867058823527,0.0030363613529411763,0.0030349900588235294,0.003039067411764706]}},{"size":3000,"stats":{"rme":0.16849637972346804,"moe":0.000010967915234233289,"sem":0.00000559587511950678,"variance":2.818243651780352e-9,"deviation":0.00005308713263852505,"mean":0.006509288361111112,"sample":[0.0064552605,0.00647434375,0.006497793875,0.006471135625,0.006552788625,0.00647778675,0.00646864725,0.0064875085,0.006507189125,0.006479918125,0.0066478095,0.006564543375,0.006476036,0.006469965,0.006482353375,0.00649191925,0.006485816,0.006478298875,0.006478464,0.006484767875,0.00647508075,0.006474770375,0.0064915295,0.00647066425,0.006567036625,0.006483767875,0.006469976125,0.0065030995,0.006487685625,0.00650058375,0.006496309,0.00657348625,0.006499682625,0.006482719375,0.00652809875,0.006770882,0.006496395375,0.006476845625,0.006479912375,0.006501604375,0.00648082325,0.00649531625,0.00649279375,0.006480650375,0.00649070075,0.0065753845,0.006494115,0.006481461125,0.0064800035,0.006499330625,0.006479695125,0.0065007215,0.00651300375,0.0064728235,0.006473702125,0.0064741365,0.006491594875,0.00647505275,0.006505661875,0.006499473875,0.00648667375,0.006595811125,0.006491712,0.006478867625,0.006484229625,0.006569780625,0.006507693875,0.006502241625,0.006523303375,0.00651551975,0.0065057115,0.006496188625,0.006576817125,0.006511729625,0.006492215625,0.006492315875,0.006501910875,0.00649970175,0.00656887375,0.006535255,0.006486703375,0.00653634925,0.0065134175,0.0064941215,0.006477510125,0.0065374115,0.006732527625,0.00668135525,0.006546133,0.00647494975]}},{"size":4500,"stats":{"rme":0.26248307952344907,"moe":0.000026531165529671693,"sem":0.000013536308943710047,"variance":1.5941154404302127e-8,"deviation":0.0001262582844976999,"mean":0.010107762213793104,"sample":[0.0100680814,0.0100635952,0.0100106438,0.010041302,0.010040955399999999,0.0100362024,0.0100459208,0.0104251864,0.010030001600000001,0.0100370062,0.0100688212,0.010115047,0.0100591948,0.010068992799999999,0.0100998614,0.0100579508,0.010082073,0.0100533658,0.0100844958,0.010082619800000001,0.010101584399999999,0.0101002068,0.010369079600000001,0.0100772968,0.0100915274,0.0100923118,0.0100719342,0.0101867396,0.0100711064,0.010042995400000001,0.010022130399999999,0.0100509334,0.0100287506,0.0101429752,0.0100765862,0.010024564599999999,0.010073874200000001,0.0100852778,0.010087616,0.010115084,0.010548323,0.0100633216,0.0100564978,0.010063417600000001,0.0100928578,0.010070863,0.0102882032,0.0101285506,0.0100467492,0.0100624422,0.010055760399999999,0.010048510200000001,0.010081785999999999,0.0101159286,0.0100460598,0.0100291276,0.010047398,0.0100666934,0.010075456600000001,0.0100639296,0.010056557800000001,0.010088433400000001,0.010213350999999999,0.0103950564,0.010340282000000001,0.010330948199999999,0.010777014,0.0100890528,0.010023695000000001,0.0100188552,0.010036813799999999,0.0103953922,0.010298011999999999,0.0100242996,0.0100210884,0.0100287024,0.0100469876,0.010055619200000001,0.0100526694,0.010057445,0.0100596988,0.0100348432,0.0100347176,0.010070139,0.010051226,0.0101266512,0.0101119928]}},{"size":6000,"stats":{"rme":0.6626093970971079,"moe":0.00009408232065961592,"sem":0.00004800118401000813,"variance":1.7280852497719953e-7,"deviation":0.0004157024476439843,"mean":0.014198760396666668,"sample":[0.01393225225,0.01395193725,0.0139897815,0.0139903535,0.01394733425,0.01402253025,0.01401245775,0.013994211,0.014019971,0.01403275275,0.01398299175,0.015446827,0.014056799,0.01396111725,0.014037504,0.013978917,0.01396882925,0.01401662775,0.01398161675,0.01401933225,0.01402630075,0.013975217,0.01521268,0.01405562375,0.01406854,0.014027859,0.0140395735,0.013971482,0.01419404725,0.01399213375,0.01401616925,0.0140245575,0.0140238325,0.01536322575,0.014034001,0.0144741365,0.0145057745,0.014376748,0.01408345925,0.01433881625,0.014046957,0.01442560225,0.0141920975,0.01406029,0.01399679375,0.01416380175,0.0141954555,0.014303108,0.01400785925,0.01395915825,0.01418066975,0.01461881575,0.01440672175,0.01427991825,0.01575608275,0.01428319975,0.01417878575,0.01400591675,0.0139837665,0.01396517925,0.01401715,0.01401554775,0.014059824,0.014003121,0.01564271325,0.0140339735,0.01401250825,0.01435238575,0.013948724,0.01405428625,0.014005198,0.0140238295,0.014034836,0.01556063325,0.01398379875]}},{"size":7500,"stats":{"rme":0.6637685550025983,"moe":0.00012285963115814632,"sem":0.00006268348528476853,"variance":2.8290379157609703e-7,"deviation":0.0005318870101592039,"mean":0.0185094081712963,